{
	"__comment":"Designed by GeForceLegend",
	"parent":"block/block",
	"textures":{
		"bottom":"block/trial_spawner_bottom",
		"particle":"#side"
	},
	"elements":[
		{
			"from":[0,14,0],
			"to":[16,16,16],
			"faces":{
				"north":{"uv":[0,0,16,2],"texture":"#side","cullface":"north"},
				"east":{"uv":[0,0,16,2],"texture":"#side","cullface":"east"},
				"south":{"uv":[0,0,16,2],"texture":"#side","cullface":"south"},
				"west":{"uv":[0,0,16,2],"texture":"#side","cullface":"west"},
				"up":{"uv":[0,0,16,16],"texture":"#top","cullface":"up"},
				"down":{"uv":[0,0,16,16],"texture":"#top"}
			}
		},
		{
			"from":[0,0,0],
			"to":[16,2,1],
			"faces":{
				"north":{"uv":[0,14,16,16],"texture":"#side","cullface":"north"},
				"south":{"uv":[16,14,0,16],"texture":"#side"},
				"up":{"uv":[16,14,0,15],"texture":"#side"},
				"down":{"uv":[0,15,16,16],"texture":"#bottom","cullface":"down"}
			}
		},
		{
			"from":[0,0,15],
			"to":[16,2,16],
			"faces":{
				"north":{"uv":[16,14,0,16],"texture":"#side"},
				"south":{"uv":[0,14,16,16],"texture":"#side","cullface":"south"},
				"up":{"uv":[0,14,16,15],"texture":"#side"},
				"down":{"uv":[0,0,16,1],"texture":"#bottom","cullface":"down"}
			}
		},
		{
			"from":[0,0,0],
			"to":[1,2,16],
			"faces":{
				"east":{"uv":[16,14,0,16],"texture":"#side"},
				"west":{"uv":[0,14,16,16],"texture":"#side","cullface":"west"},
				"up":{"uv":[0,14,16,15],"rotation":90,"texture":"#side"},
				"down":{"uv":[0,0,1,16],"texture":"#bottom","cullface":"down"}
			}
		},
		{
			"from":[15,0,0],
			"to":[16,2,16],
			"faces":{
				"east":{"uv":[0,14,16,16],"texture":"#side","cullface":"east"},
				"west":{"uv":[16,14,0,16],"texture":"#side"},
				"up":{"uv":[16,14,0,15],"rotation":90,"texture":"#side"},
				"down":{"uv":[0,0,1,16],"texture":"#bottom","cullface":"down"}
			}
		},
		{
			"from":[0,2,0],
			"to":[1,14,1],
			"faces":{
				"north":{"uv":[15,2,16,14],"texture":"#side","cullface":"north"},
				"east":{"uv":[15,2,16,14],"texture":"#side"},
				"south":{"uv":[0,2,1,14],"texture":"#side"},
				"west":{"uv":[0,2,1,14],"texture":"#side","cullface":"west"}
			}
		},
		{
			"from":[0,2,15],
			"to":[1,14,16],
			"faces":{
				"north":{"uv":[15,2,16,14],"texture":"#side"},
				"east":{"uv":[0,2,1,14],"texture":"#side"},
				"south":{"uv":[0,2,1,14],"texture":"#side","cullface":"south"},
				"west":{"uv":[15,2,16,14],"texture":"#side","cullface":"west"}
			}
		},
		{
			"from":[15,2,15],
			"to":[16,14,16],
			"faces":{
				"north":{"uv":[0,2,1,14],"texture":"#side"},
				"east":{"uv":[0,2,1,14],"texture":"#side","cullface":"east"},
				"south":{"uv":[15,2,16,14],"texture":"#side","cullface":"south"},
				"west":{"uv":[15,2,16,14],"texture":"#side"}
			}
		},
		{
			"from":[15,2,0],
			"to":[16,14,1],
			"faces":{
				"north":{"uv":[0,2,1,14],"texture":"#side","cullface":"north"},
				"east":{"uv":[15,2,16,14],"texture":"#side","cullface":"east"},
				"south":{"uv":[15,2,16,14],"texture":"#side"},
				"west":{"uv":[0,2,1,14],"texture":"#side"}
			}
		},
		{
			"from":[1,0,1],
			"to":[15,1,2],
			"faces":{
				"south":{"uv":[1,14,15,15],"texture":"#bottom"},
				"up":{"uv":[1,14,15,15],"texture":"#bottom"},
				"down":{"uv":[1,14,15,15],"texture":"#bottom","cullface":"down"}
			}
		},
		{
			"from":[1,0,14],
			"to":[15,1,15],
			"faces":{
				"north":{"uv":[15,1,1,2],"texture":"#bottom"},
				"up":{"uv":[1,1,15,2],"texture":"#bottom"},
				"down":{"uv":[1,1,15,2],"texture":"#bottom","cullface":"down"}
			}
		},
		{
			"from":[1,0,2],
			"to":[2,1,14],
			"faces":{
				"east":{"uv":[1,14,2,2],"rotation":90,"texture":"#bottom"},
				"up":{"uv":[1,14,2,2],"texture":"#bottom"},
				"down":{"uv":[1,2,2,14],"texture":"#bottom","cullface":"down"}
			}
		},
		{
			"from":[14,0,2],
			"to":[15,1,14],
			"faces":{
				"west":{"uv":[14,2,15,14],"rotation":90,"texture":"#bottom"},
				"up":{"uv":[14,14,15,2],"texture":"#bottom"},
				"down":{"uv":[14,2,15,14],"texture":"#bottom","cullface":"down"}
			}
		},
		{
			"from":[7,0,2],
			"to":[9,1,14],
			"faces":{
				"east":{"uv":[8,14,9,2],"rotation":90,"texture":"#bottom"},
				"west":{"uv":[7,2,8,14],"rotation":90,"texture":"#bottom"},
				"up":{"uv":[7,14,9,2],"texture":"#bottom"},
				"down":{"uv":[7,2,9,14],"texture":"#bottom","cullface":"down"}
			}
		},
		{
			"from":[2,0,2],
			"to":[3,1,3],
			"faces":{
				"east":{"uv":[2,13,3,14],"texture":"#bottom"},
				"up":{"uv":[2,13,3,14],"texture":"#bottom"},
				"down":{"uv":[2,13,3,14],"texture":"#bottom","cullface":"down"}
			}
		},
		{
			"from":[13,0,2],
			"to":[14,1,3],
			"faces":{
				"west":{"uv":[13,13,14,14],"texture":"#bottom"},
				"up":{"uv":[13,13,14,14],"texture":"#bottom"},
				"down":{"uv":[13,13,14,14],"texture":"#bottom","cullface":"down"}
			}
		},
		{
			"from":[2,0,3],
			"to":[14,1,4],
			"faces":{
				"north":{"uv":[14,12,2,13],"texture":"#bottom"},
				"south":{"uv":[2,12,14,13],"texture":"#bottom"},
				"up":{"uv":[2,12,14,13],"texture":"#bottom"},
				"down":{"uv":[2,12,14,13],"texture":"#bottom","cullface":"down"}
			}
		},
		{
			"from":[4,0,4],
			"to":[5,1,5],
			"faces":{
				"east":{"uv":[4,11,5,12],"texture":"#bottom"},
				"south":{"uv":[4,11,5,12],"texture":"#bottom"},
				"west":{"uv":[4,11,5,12],"texture":"#bottom"},
				"up":{"uv":[4,11,5,12],"texture":"#bottom"},
				"down":{"uv":[4,11,5,12],"texture":"#bottom","cullface":"down"}
			}
		},
		{
			"from":[11,0,4],
			"to":[12,1,5],
			"faces":{
				"east":{"uv":[11,11,12,12],"texture":"#bottom"},
				"south":{"uv":[11,11,12,12],"texture":"#bottom"},
				"west":{"uv":[11,11,12,12],"texture":"#bottom"},
				"up":{"uv":[11,11,12,12],"texture":"#bottom"},
				"down":{"uv":[11,11,12,12],"texture":"#bottom","cullface":"down"}
			}
		},
		{
			"from":[2,0,6],
			"to":[3,1,9],
			"faces":{
				"north":{"uv":[2,9,3,10],"texture":"#bottom"},
				"east":{"uv":[2,10,3,7],"rotation":90,"texture":"#bottom"},
				"up":{"uv":[2,10,3,7],"texture":"#bottom"},
				"down":{"uv":[2,7,3,10],"texture":"#bottom","cullface":"down"}
			}
		},
		{
			"from":[13,0,6],
			"to":[14,1,9],
			"faces":{
				"north":{"uv":[13,9,14,10],"texture":"#bottom"},
				"west":{"uv":[13,7,14,10],"rotation":90,"texture":"#bottom"},
				"up":{"uv":[13,10,14,7],"texture":"#bottom"},
				"down":{"uv":[13,7,14,10],"texture":"#bottom","cullface":"down"}
			}
		},
		{
			"from":[3,0,7],
			"to":[13,1,8],
			"faces":{
				"north":{"uv":[13,8,3,9],"texture":"#bottom"},
				"south":{"uv":[3,8,13,9],"texture":"#bottom"},
				"up":{"uv":[3,8,13,9],"texture":"#bottom"},
				"down":{"uv":[3,8,13,9],"texture":"#bottom","cullface":"down"}
			}
		},
		{
			"from":[6,0,6],
			"to":[10,1,7],
			"faces":{
				"north":{"uv":[10,9,6,10],"texture":"#bottom"},
				"east":{"uv":[9,9,10,10],"texture":"#bottom"},
				"west":{"uv":[6,9,7,10],"texture":"#bottom"},
				"up":{"uv":[6,9,10,10],"texture":"#bottom"},
				"down":{"uv":[6,9,10,10],"texture":"#bottom","cullface":"down"}
			}
		},
		{
			"from":[2,0,9],
			"to":[14,1,10],
			"faces":{
				"north":{"uv":[14,6,2,7],"texture":"#bottom"},
				"south":{"uv":[2,6,14,7],"texture":"#bottom"},
				"up":{"uv":[2,6,14,7],"texture":"#bottom"},
				"down":{"uv":[2,6,14,7],"texture":"#bottom","cullface":"down"}
			}
		},
		{
			"from":[4,0,10],
			"to":[5,1,11],
			"faces":{
				"east":{"uv":[4,5,5,6],"texture":"#bottom"},
				"south":{"uv":[4,5,5,6],"texture":"#bottom"},
				"west":{"uv":[4,5,5,6],"texture":"#bottom"},
				"up":{"uv":[4,5,5,6],"texture":"#bottom"},
				"down":{"uv":[4,5,5,6],"texture":"#bottom","cullface":"down"}
			}
		},
		{
			"from":[11,0,10],
			"to":[12,1,11],
			"faces":{
				"east":{"uv":[11,5,12,6],"texture":"#bottom"},
				"south":{"uv":[11,5,12,6],"texture":"#bottom"},
				"west":{"uv":[11,5,12,6],"texture":"#bottom"},
				"up":{"uv":[11,5,12,6],"texture":"#bottom"},
				"down":{"uv":[11,5,12,6],"texture":"#bottom","cullface":"down"}
			}
		},
		{
			"from":[2,0,12],
			"to":[7,1,13],
			"faces":{
				"north":{"uv":[7,3,2,4],"texture":"#bottom"},
				"south":{"uv":[2,3,7,4],"texture":"#bottom"},
				"up":{"uv":[2,3,7,4],"texture":"#bottom"},
				"down":{"uv":[2,3,7,4],"texture":"#bottom","cullface":"down"}
			}
		},
		{
			"from":[9,0,12],
			"to":[14,1,13],
			"faces":{
				"north":{"uv":[14,3,9,4],"texture":"#bottom"},
				"south":{"uv":[9,3,14,4],"texture":"#bottom"},
				"up":{"uv":[9,3,14,4],"texture":"#bottom"},
				"down":{"uv":[9,3,14,4],"texture":"#bottom","cullface":"down"}
			}
		},
		{
			"from":[2,0,11],
			"to":[3,1,12],
			"faces":{
				"north":{"uv":[2,4,3,5],"texture":"#bottom"},
				"east":{"uv":[2,4,3,5],"texture":"#bottom"},
				"up":{"uv":[2,4,3,5],"texture":"#bottom"},
				"down":{"uv":[2,4,3,5],"texture":"#bottom","cullface":"down"}
			}
		},
		{
			"from":[13,0,11],
			"to":[14,1,12],
			"faces":{
				"north":{"uv":[13,4,14,5],"texture":"#bottom"},
				"west":{"uv":[13,4,14,5],"texture":"#bottom"},
				"up":{"uv":[13,4,14,5],"texture":"#bottom"},
				"down":{"uv":[13,4,14,5],"texture":"#bottom","cullface":"down"}
			}
		},
		{
			"from":[4,0,13],
			"to":[5,1,14],
			"faces":{
				"east":{"uv":[4,2,5,3],"texture":"#bottom"},
				"west":{"uv":[4,2,5,3],"texture":"#bottom"},
				"up":{"uv":[4,2,5,3],"texture":"#bottom"},
				"down":{"uv":[4,2,5,3],"texture":"#bottom","cullface":"down"}
			}
		},
		{
			"from":[11,0,13],
			"to":[12,1,14],
			"faces":{
				"east":{"uv":[11,2,12,3],"texture":"#bottom"},
				"west":{"uv":[11,2,12,3],"texture":"#bottom"},
				"up":{"uv":[11,2,12,3],"texture":"#bottom"},
				"down":{"uv":[11,2,12,3],"texture":"#bottom","cullface":"down"}
			}
		},
		{
			"from":[11,11,15],
			"to":[12,12,16],
			"faces":{
				"north":{"uv":[11,4,12,5],"texture":"#side"},
				"east":{"uv":[11,4,12,5],"texture":"#side"},
				"south":{"uv":[11,4,12,5],"texture":"#side","cullface":"south"},
				"west":{"uv":[11,4,12,5],"texture":"#side"},
				"down":{"uv":[11,4,12,5],"texture":"#side"}
			}
		},
		{
			"from":[4,11,15],
			"to":[5,12,16],
			"faces":{
				"north":{"uv":[4,4,5,5],"texture":"#side"},
				"east":{"uv":[4,4,5,5],"texture":"#side"},
				"south":{"uv":[4,4,5,5],"texture":"#side","cullface":"south"},
				"west":{"uv":[4,4,5,5],"texture":"#side"},
				"down":{"uv":[4,4,5,5],"texture":"#side"}
			}
		},
		{
			"from":[13,13,15],
			"to":[14,14,16],
			"faces":{
				"north":{"uv":[13,2,14,3],"texture":"#side"},
				"east":{"uv":[13,2,14,3],"texture":"#side"},
				"south":{"uv":[13,2,14,3],"texture":"#side","cullface":"south"},
				"west":{"uv":[13,2,14,3],"texture":"#side"}
			}
		},
		{
			"from":[2,13,15],
			"to":[3,14,16],
			"faces":{
				"north":{"uv":[2,2,3,3],"texture":"#side"},
				"east":{"uv":[2,2,3,3],"texture":"#side"},
				"south":{"uv":[2,2,3,3],"texture":"#side","cullface":"south"},
				"west":{"uv":[2,2,3,3],"texture":"#side"}
			}
		},
		{
			"from":[1,12,15],
			"to":[15,13,16],
			"faces":{
				"north":{"uv":[15,3,1,4],"texture":"#side"},
				"south":{"uv":[1,3,15,4],"texture":"#side","cullface":"south"},
				"up":{"uv":[1,3,15,4],"texture":"#side"},
				"down":{"uv":[1,3,15,4],"texture":"#side"}
			}
		},
		{
			"from":[7,11,15],
			"to":[9,14,16],
			"faces":{
				"north":{"uv":[9,2,7,5],"texture":"#side"},
				"east":{"uv":[8,2,9,5],"texture":"#side"},
				"south":{"uv":[7,2,9,5],"texture":"#side","cullface":"south"},
				"west":{"uv":[7,2,8,5],"texture":"#side"}
			}
		},
		{
			"from":[6,10,15],
			"to":[10,11,16],
			"faces":{
				"north":{"uv":[10,5,6,6],"texture":"#side"},
				"east":{"uv":[9,5,10,6],"texture":"#side"},
				"south":{"uv":[6,5,10,6],"texture":"#side","cullface":"south"},
				"west":{"uv":[6,5,7,6],"texture":"#side"},
				"up":{"uv":[6,5,10,6],"texture":"#side"}
			}
		},
		{
			"from":[3,8,15],
			"to":[13,9,16],
			"faces":{
				"north":{"uv":[13,7,3,8],"texture":"#side"},
				"south":{"uv":[3,7,13,8],"texture":"#side","cullface":"south"},
				"up":{"uv":[3,7,13,8],"texture":"#side"},
				"down":{"uv":[3,7,13,8],"texture":"#side"}
			}
		},
		{
			"from":[5,7,15],
			"to":[11,10,16],
			"faces":{
				"north":{"uv":[11,6,5,9],"texture":"#side"},
				"east":{"uv":[10,6,11,9],"texture":"#side"},
				"south":{"uv":[5,6,11,9],"texture":"#side","cullface":"south"},
				"west":{"uv":[5,6,6,9],"texture":"#side"},
				"up":{"uv":[5,6,11,7],"texture":"#side"}
			}
		},
		{
			"from":[13,7,15],
			"to":[14,10,16],
			"faces":{
				"north":{"uv":[13,6,14,9],"texture":"#side"},
				"south":{"uv":[13,6,14,9],"texture":"#side","cullface":"south"},
				"west":{"uv":[13,6,14,9],"texture":"#side"},
				"up":{"uv":[13,6,14,7],"texture":"#side"}
			}
		},
		{
			"from":[2,7,15],
			"to":[3,10,16],
			"faces":{
				"north":{"uv":[2,6,3,9],"texture":"#side"},
				"east":{"uv":[2,6,3,9],"texture":"#side"},
				"south":{"uv":[2,6,3,9],"texture":"#side","cullface":"south"},
				"up":{"uv":[2,6,3,7],"texture":"#side"}
			}
		},
		{
			"from":[11,5,15],
			"to":[12,6,16],
			"faces":{
				"north":{"uv":[11,10,12,11],"texture":"#side"},
				"east":{"uv":[11,10,12,11],"texture":"#side"},
				"south":{"uv":[11,10,12,11],"texture":"#side","cullface":"south"},
				"west":{"uv":[11,10,12,11],"texture":"#side"},
				"down":{"uv":[11,10,12,11],"texture":"#side"}
			}
		},
		{
			"from":[4,5,15],
			"to":[5,6,16],
			"faces":{
				"north":{"uv":[4,10,5,11],"texture":"#side"},
				"east":{"uv":[4,10,5,11],"texture":"#side"},
				"south":{"uv":[4,10,5,11],"texture":"#side","cullface":"south"},
				"west":{"uv":[4,10,5,11],"texture":"#side"},
				"down":{"uv":[4,10,5,11],"texture":"#side"}
			}
		},
		{
			"from":[6,5,15],
			"to":[10,6,16],
			"faces":{
				"north":{"uv":[10,10,6,11],"texture":"#side"},
				"east":{"uv":[10,10,9,11],"texture":"#side"},
				"south":{"uv":[6,10,10,11],"texture":"#side","cullface":"south"},
				"west":{"uv":[7,10,6,11],"texture":"#side"},
				"down":{"uv":[10,10,6,11],"texture":"#side"}
			}
		},
		{
			"from":[2,6,15],
			"to":[14,7,16],
			"faces":{
				"north":{"uv":[14,9,2,10],"texture":"#side"},
				"south":{"uv":[2,9,14,10],"texture":"#side","cullface":"south"},
				"up":{"uv":[2,9,14,10],"texture":"#side"},
				"down":{"uv":[2,9,14,10],"texture":"#side"}
			}
		},
		{
			"from":[14,5,15],
			"to":[15,11,16],
			"faces":{
				"north":{"uv":[14,5,15,11],"texture":"#side"},
				"south":{"uv":[14,5,15,11],"texture":"#side","cullface":"south"},
				"west":{"uv":[14,5,15,11],"texture":"#side"},
				"up":{"uv":[14,5,15,6],"texture":"#side"},
				"down":{"uv":[14,10,15,11],"texture":"#side"}
			}
		},
		{
			"from":[1,5,15],
			"to":[2,11,16],
			"faces":{
				"north":{"uv":[1,5,2,11],"texture":"#side"},
				"east":{"uv":[1,5,2,11],"texture":"#side"},
				"south":{"uv":[1,5,2,11],"texture":"#side","cullface":"south"},
				"up":{"uv":[1,5,2,6],"texture":"#side"},
				"down":{"uv":[1,10,2,11],"texture":"#side"}
			}
		},
		{
			"from":[13,4,15],
			"to":[14,5,16],
			"faces":{
				"north":{"uv":[13,11,14,12],"texture":"#side"},
				"east":{"uv":[13,11,14,12],"texture":"#side"},
				"south":{"uv":[13,11,14,12],"texture":"#side","cullface":"south"},
				"west":{"uv":[13,11,14,12],"texture":"#side"},
				"up":{"uv":[13,11,14,12],"texture":"#side"}
			}
		},
		{
			"from":[2,4,15],
			"to":[3,5,16],
			"faces":{
				"north":{"uv":[2,11,3,12],"texture":"#side"},
				"east":{"uv":[2,11,3,12],"texture":"#side"},
				"south":{"uv":[2,11,3,12],"texture":"#side","cullface":"south"},
				"west":{"uv":[2,11,3,12],"texture":"#side"},
				"up":{"uv":[2,11,3,12],"texture":"#side"}
			}
		},
		{
			"from":[11,2,15],
			"to":[12,3,16],
			"faces":{
				"north":{"uv":[11,13,12,14],"texture":"#side"},
				"east":{"uv":[11,13,12,14],"texture":"#side"},
				"south":{"uv":[11,13,12,14],"texture":"#side","cullface":"south"},
				"west":{"uv":[11,13,12,14],"texture":"#side"}
			}
		},
		{
			"from":[4,2,15],
			"to":[5,3,16],
			"faces":{
				"north":{"uv":[4,13,5,14],"texture":"#side"},
				"east":{"uv":[4,13,5,14],"texture":"#side"},
				"south":{"uv":[4,13,5,14],"texture":"#side","cullface":"south"},
				"west":{"uv":[4,13,5,14],"texture":"#side"}
			}
		},
		{
			"from":[1,3,15],
			"to":[15,4,16],
			"faces":{
				"north":{"uv":[15,12,1,13],"texture":"#side"},
				"south":{"uv":[1,12,15,13],"texture":"#side","cullface":"south"},
				"up":{"uv":[15,12,1,13],"texture":"#side"},
				"down":{"uv":[15,12,1,13],"texture":"#side"}
			}
		},
		{
			"from":[7,2,15],
			"to":[9,5,16],
			"faces":{
				"north":{"uv":[9,11,7,14],"texture":"#side"},
				"east":{"uv":[8,11,9,14],"texture":"#side"},
				"south":{"uv":[7,11,9,14],"texture":"#side","cullface":"south"},
				"west":{"uv":[7,11,8,14],"texture":"#side"}
			}
		},
		{
			"from":[15,11,4],
			"to":[16,12,5],
			"faces":{
				"north":{"uv":[11,4,12,5],"texture":"#side"},
				"east":{"uv":[11,4,12,5],"texture":"#side","cullface":"east"},
				"south":{"uv":[11,4,12,5],"texture":"#side"},
				"west":{"uv":[11,4,12,5],"texture":"#side"},
				"down":{"uv":[11,4,12,5],"rotation":90,"texture":"#side"}
			}
		},
		{
			"from":[15,11,11],
			"to":[16,12,12],
			"faces":{
				"north":{"uv":[4,4,5,5],"texture":"#side"},
				"east":{"uv":[4,4,5,5],"texture":"#side","cullface":"east"},
				"south":{"uv":[4,4,5,5],"texture":"#side"},
				"west":{"uv":[4,4,5,5],"texture":"#side"},
				"down":{"uv":[4,4,5,5],"rotation":90,"texture":"#side"}
			}
		},
		{
			"from":[15,13,2],
			"to":[16,14,3],
			"faces":{
				"north":{"uv":[13,2,14,3],"texture":"#side"},
				"east":{"uv":[13,2,14,3],"texture":"#side","cullface":"east"},
				"south":{"uv":[13,2,14,3],"texture":"#side"},
				"west":{"uv":[13,2,14,3],"texture":"#side"}
			}
		},
		{
			"from":[15,13,13],
			"to":[16,14,14],
			"faces":{
				"north":{"uv":[2,2,3,3],"texture":"#side"},
				"east":{"uv":[2,2,3,3],"texture":"#side","cullface":"east"},
				"south":{"uv":[2,2,3,3],"texture":"#side"},
				"west":{"uv":[2,2,3,3],"texture":"#side"}
			}
		},
		{
			"from":[15,12,1],
			"to":[16,13,15],
			"faces":{
				"east":{"uv":[1,3,15,4],"texture":"#side","cullface":"east"},
				"west":{"uv":[15,3,1,4],"texture":"#side"},
				"up":{"uv":[1,3,15,4],"rotation":270,"texture":"#side"},
				"down":{"uv":[1,3,15,4],"rotation":90,"texture":"#side"}
			}
		},
		{
			"from":[15,11,7],
			"to":[16,14,9],
			"faces":{
				"north":{"uv":[8,2,9,5],"texture":"#side"},
				"east":{"uv":[7,2,9,5],"texture":"#side","cullface":"east"},
				"south":{"uv":[7,2,8,5],"texture":"#side"},
				"west":{"uv":[9,2,7,5],"texture":"#side"}
			}
		},
		{
			"from":[15,10,6],
			"to":[16,11,10],
			"faces":{
				"north":{"uv":[9,5,10,6],"texture":"#side"},
				"east":{"uv":[6,5,10,6],"texture":"#side","cullface":"east"},
				"south":{"uv":[6,5,7,6],"texture":"#side"},
				"west":{"uv":[10,5,6,6],"texture":"#side"},
				"up":{"uv":[6,5,10,6],"rotation":270,"texture":"#side"}
			}
		},
		{
			"from":[15,8,3],
			"to":[16,9,13],
			"faces":{
				"east":{"uv":[3,7,13,8],"texture":"#side","cullface":"east"},
				"west":{"uv":[13,7,3,8],"texture":"#side"},
				"up":{"uv":[3,7,13,8],"rotation":270,"texture":"#side"},
				"down":{"uv":[3,7,13,8],"rotation":90,"texture":"#side"}
			}
		},
		{
			"from":[15,7,5],
			"to":[16,10,11],
			"faces":{
				"north":{"uv":[10,6,11,9],"texture":"#side"},
				"east":{"uv":[5,6,11,9],"texture":"#side","cullface":"east"},
				"south":{"uv":[5,6,6,9],"texture":"#side"},
				"west":{"uv":[11,6,5,9],"texture":"#side"},
				"up":{"uv":[5,6,11,7],"rotation":270,"texture":"#side"}
			}
		},
		{
			"from":[15,7,2],
			"to":[16,10,3],
			"faces":{
				"east":{"uv":[13,6,14,9],"texture":"#side","cullface":"east"},
				"south":{"uv":[13,6,14,9],"texture":"#side"},
				"west":{"uv":[13,6,14,9],"texture":"#side"},
				"up":{"uv":[13,6,14,7],"rotation":270,"texture":"#side"}
			}
		},
		{
			"from":[15,7,13],
			"to":[16,10,14],
			"faces":{
				"north":{"uv":[2,6,3,9],"texture":"#side"},
				"east":{"uv":[2,6,3,9],"texture":"#side","cullface":"east"},
				"west":{"uv":[2,6,3,9],"texture":"#side"},
				"up":{"uv":[2,6,3,7],"rotation":270,"texture":"#side"}
			}
		},
		{
			"from":[15,5,4],
			"to":[16,6,5],
			"faces":{
				"north":{"uv":[11,10,12,11],"texture":"#side"},
				"east":{"uv":[11,10,12,11],"texture":"#side","cullface":"east"},
				"south":{"uv":[11,10,12,11],"texture":"#side"},
				"west":{"uv":[11,10,12,11],"texture":"#side"},
				"down":{"uv":[11,10,12,11],"rotation":90,"texture":"#side"}
			}
		},
		{
			"from":[15,5,11],
			"to":[16,6,12],
			"faces":{
				"north":{"uv":[4,10,5,11],"texture":"#side"},
				"east":{"uv":[4,10,5,11],"texture":"#side","cullface":"east"},
				"south":{"uv":[4,10,5,11],"texture":"#side"},
				"west":{"uv":[4,10,5,11],"texture":"#side"},
				"down":{"uv":[4,10,5,11],"rotation":90,"texture":"#side"}
			}
		},
		{
			"from":[15,5,6],
			"to":[16,6,10],
			"faces":{
				"north":{"uv":[10,10,9,11],"texture":"#side"},
				"east":{"uv":[6,10,10,11],"texture":"#side","cullface":"east"},
				"south":{"uv":[7,10,6,11],"texture":"#side"},
				"west":{"uv":[10,10,6,11],"texture":"#side"},
				"down":{"uv":[10,10,6,11],"rotation":90,"texture":"#side"}
			}
		},
		{
			"from":[15,6,2],
			"to":[16,7,14],
			"faces":{
				"east":{"uv":[2,9,14,10],"texture":"#side","cullface":"east"},
				"west":{"uv":[14,9,2,10],"texture":"#side"},
				"up":{"uv":[2,9,14,10],"rotation":270,"texture":"#side"},
				"down":{"uv":[2,9,14,10],"rotation":90,"texture":"#side"}
			}
		},
		{
			"from":[15,5,1],
			"to":[16,11,2],
			"faces":{
				"east":{"uv":[14,5,15,11],"texture":"#side","cullface":"east"},
				"south":{"uv":[14,5,15,11],"texture":"#side"},
				"west":{"uv":[14,5,15,11],"texture":"#side"},
				"up":{"uv":[14,5,15,6],"rotation":270,"texture":"#side"},
				"down":{"uv":[14,10,15,11],"rotation":90,"texture":"#side"}
			}
		},
		{
			"from":[15,5,14],
			"to":[16,11,15],
			"faces":{
				"north":{"uv":[1,5,2,11],"texture":"#side"},
				"east":{"uv":[1,5,2,11],"texture":"#side","cullface":"east"},
				"west":{"uv":[1,5,2,11],"texture":"#side"},
				"up":{"uv":[1,5,2,6],"rotation":270,"texture":"#side"},
				"down":{"uv":[1,10,2,11],"rotation":90,"texture":"#side"}
			}
		},
		{
			"from":[15,4,2],
			"to":[16,5,3],
			"faces":{
				"north":{"uv":[13,11,14,12],"texture":"#side"},
				"east":{"uv":[13,11,14,12],"texture":"#side","cullface":"east"},
				"south":{"uv":[13,11,14,12],"texture":"#side"},
				"west":{"uv":[13,11,14,12],"texture":"#side"},
				"up":{"uv":[13,11,14,12],"rotation":270,"texture":"#side"}
			}
		},
		{
			"from":[15,4,13],
			"to":[16,5,14],
			"faces":{
				"north":{"uv":[2,11,3,12],"texture":"#side"},
				"east":{"uv":[2,11,3,12],"texture":"#side","cullface":"east"},
				"south":{"uv":[2,11,3,12],"texture":"#side"},
				"west":{"uv":[2,11,3,12],"texture":"#side"},
				"up":{"uv":[2,11,3,12],"rotation":270,"texture":"#side"}
			}
		},
		{
			"from":[15,2,4],
			"to":[16,3,5],
			"faces":{
				"north":{"uv":[11,13,12,14],"texture":"#side"},
				"east":{"uv":[11,13,12,14],"texture":"#side","cullface":"east"},
				"south":{"uv":[11,13,12,14],"texture":"#side"},
				"west":{"uv":[11,13,12,14],"texture":"#side"}
			}
		},
		{
			"from":[15,2,11],
			"to":[16,3,12],
			"faces":{
				"north":{"uv":[4,13,5,14],"texture":"#side"},
				"east":{"uv":[4,13,5,14],"texture":"#side","cullface":"east"},
				"south":{"uv":[4,13,5,14],"texture":"#side"},
				"west":{"uv":[4,13,5,14],"texture":"#side"}
			}
		},
		{
			"from":[15,3,1],
			"to":[16,4,15],
			"faces":{
				"east":{"uv":[1,12,15,13],"texture":"#side","cullface":"east"},
				"west":{"uv":[15,12,1,13],"texture":"#side"},
				"up":{"uv":[15,12,1,13],"rotation":270,"texture":"#side"},
				"down":{"uv":[15,12,1,13],"rotation":90,"texture":"#side"}
			}
		},
		{
			"from":[15,2,7],
			"to":[16,5,9],
			"faces":{
				"north":{"uv":[8,11,9,14],"texture":"#side"},
				"east":{"uv":[7,11,9,14],"texture":"#side","cullface":"east"},
				"south":{"uv":[7,11,8,14],"texture":"#side"},
				"west":{"uv":[9,11,7,14],"texture":"#side"}
			}
		},
		{
			"from":[4,11,0],
			"to":[5,12,1],
			"faces":{
				"north":{"uv":[11,4,12,5],"texture":"#side","cullface":"north"},
				"east":{"uv":[11,4,12,5],"texture":"#side"},
				"south":{"uv":[11,4,12,5],"texture":"#side"},
				"west":{"uv":[11,4,12,5],"texture":"#side"},
				"down":{"uv":[12,4,11,5],"texture":"#side"}
			}
		},
		{
			"from":[11,11,0],
			"to":[12,12,1],
			"faces":{
				"north":{"uv":[4,4,5,5],"texture":"#side","cullface":"north"},
				"east":{"uv":[4,4,5,5],"texture":"#side"},
				"south":{"uv":[4,4,5,5],"texture":"#side"},
				"west":{"uv":[4,4,5,5],"texture":"#side"},
				"down":{"uv":[5,4,4,5],"texture":"#side"}
			}
		},
		{
			"from":[2,13,0],
			"to":[3,14,1],
			"faces":{
				"north":{"uv":[13,2,14,3],"texture":"#side","cullface":"north"},
				"east":{"uv":[13,2,14,3],"texture":"#side"},
				"south":{"uv":[13,2,14,3],"texture":"#side"},
				"west":{"uv":[13,2,14,3],"texture":"#side"}
			}
		},
		{
			"from":[13,13,0],
			"to":[14,14,1],
			"faces":{
				"north":{"uv":[2,2,3,3],"texture":"#side","cullface":"north"},
				"east":{"uv":[2,2,3,3],"texture":"#side"},
				"south":{"uv":[2,2,3,3],"texture":"#side"},
				"west":{"uv":[2,2,3,3],"texture":"#side"}
			}
		},
		{
			"from":[1,12,0],
			"to":[15,13,1],
			"faces":{
				"north":{"uv":[1,3,15,4],"texture":"#side","cullface":"north"},
				"south":{"uv":[15,3,1,4],"texture":"#side"},
				"up":{"uv":[15,3,1,4],"texture":"#side"},
				"down":{"uv":[15,3,1,4],"texture":"#side"}
			}
		},
		{
			"from":[7,11,0],
			"to":[9,14,1],
			"faces":{
				"north":{"uv":[7,2,9,5],"texture":"#side","cullface":"north"},
				"east":{"uv":[7,2,8,5],"texture":"#side"},
				"south":{"uv":[9,2,7,5],"texture":"#side"},
				"west":{"uv":[8,2,9,5],"texture":"#side"}
			}
		},
		{
			"from":[6,10,0],
			"to":[10,11,1],
			"faces":{
				"north":{"uv":[6,5,10,6],"texture":"#side","cullface":"north"},
				"east":{"uv":[6,5,7,6],"texture":"#side"},
				"south":{"uv":[10,5,6,6],"texture":"#side"},
				"west":{"uv":[9,5,10,6],"texture":"#side"},
				"up":{"uv":[10,5,6,6],"texture":"#side"}
			}
		},
		{
			"from":[3,8,0],
			"to":[13,9,1],
			"faces":{
				"north":{"uv":[3,7,13,8],"texture":"#side","cullface":"north"},
				"south":{"uv":[13,7,3,8],"texture":"#side"},
				"up":{"uv":[13,7,3,8],"texture":"#side"},
				"down":{"uv":[13,7,3,8],"texture":"#side"}
			}
		},
		{
			"from":[5,7,0],
			"to":[11,10,1],
			"faces":{
				"north":{"uv":[5,6,11,9],"texture":"#side","cullface":"north"},
				"east":{"uv":[5,6,6,9],"texture":"#side"},
				"south":{"uv":[11,6,5,9],"texture":"#side"},
				"west":{"uv":[10,6,11,9],"texture":"#side"},
				"up":{"uv":[11,6,5,7],"texture":"#side"}
			}
		},
		{
			"from":[2,7,0],
			"to":[3,10,1],
			"faces":{
				"north":{"uv":[13,6,14,9],"texture":"#side","cullface":"north"},
				"east":{"uv":[13,6,14,9],"texture":"#side"},
				"south":{"uv":[13,6,14,9],"texture":"#side"},
				"up":{"uv":[14,6,13,7],"texture":"#side"}
			}
		},
		{
			"from":[13,7,0],
			"to":[14,10,1],
			"faces":{
				"north":{"uv":[2,6,3,9],"texture":"#side","cullface":"north"},
				"south":{"uv":[2,6,3,9],"texture":"#side"},
				"west":{"uv":[2,6,3,9],"texture":"#side"},
				"up":{"uv":[3,6,2,7],"texture":"#side"}
			}
		},
		{
			"from":[4,5,0],
			"to":[5,6,1],
			"faces":{
				"north":{"uv":[11,10,12,11],"texture":"#side","cullface":"north"},
				"east":{"uv":[11,10,12,11],"texture":"#side"},
				"south":{"uv":[11,10,12,11],"texture":"#side"},
				"west":{"uv":[11,10,12,11],"texture":"#side"},
				"down":{"uv":[12,10,11,11],"texture":"#side"}
			}
		},
		{
			"from":[11,5,0],
			"to":[12,6,1],
			"faces":{
				"north":{"uv":[4,10,5,11],"texture":"#side","cullface":"north"},
				"east":{"uv":[4,10,5,11],"texture":"#side"},
				"south":{"uv":[4,10,5,11],"texture":"#side"},
				"west":{"uv":[4,10,5,11],"texture":"#side"},
				"down":{"uv":[5,10,4,11],"texture":"#side"}
			}
		},
		{
			"from":[6,5,0],
			"to":[10,6,1],
			"faces":{
				"north":{"uv":[6,10,10,11],"texture":"#side","cullface":"north"},
				"east":{"uv":[7,10,6,11],"texture":"#side"},
				"south":{"uv":[10,10,6,11],"texture":"#side"},
				"west":{"uv":[10,10,9,11],"texture":"#side"},
				"down":{"uv":[6,10,10,11],"texture":"#side"}
			}
		},
		{
			"from":[2,6,0],
			"to":[14,7,1],
			"faces":{
				"north":{"uv":[2,9,14,10],"texture":"#side","cullface":"north"},
				"south":{"uv":[14,9,2,10],"texture":"#side"},
				"up":{"uv":[14,9,2,10],"texture":"#side"},
				"down":{"uv":[14,9,2,10],"texture":"#side"}
			}
		},
		{
			"from":[1,5,0],
			"to":[2,11,1],
			"faces":{
				"north":{"uv":[14,5,15,11],"texture":"#side","cullface":"north"},
				"east":{"uv":[14,5,15,11],"texture":"#side"},
				"south":{"uv":[14,5,15,11],"texture":"#side"},
				"up":{"uv":[15,5,14,6],"texture":"#side"},
				"down":{"uv":[15,10,14,11],"texture":"#side"}
			}
		},
		{
			"from":[14,5,0],
			"to":[15,11,1],
			"faces":{
				"north":{"uv":[1,5,2,11],"texture":"#side","cullface":"north"},
				"south":{"uv":[1,5,2,11],"texture":"#side"},
				"west":{"uv":[1,5,2,11],"texture":"#side"},
				"up":{"uv":[2,5,1,6],"texture":"#side"},
				"down":{"uv":[2,10,1,11],"texture":"#side"}
			}
		},
		{
			"from":[2,4,0],
			"to":[3,5,1],
			"faces":{
				"north":{"uv":[13,11,14,12],"texture":"#side","cullface":"north"},
				"east":{"uv":[13,11,14,12],"texture":"#side"},
				"south":{"uv":[13,11,14,12],"texture":"#side"},
				"west":{"uv":[13,11,14,12],"texture":"#side"},
				"up":{"uv":[14,11,13,12],"texture":"#side"}
			}
		},
		{
			"from":[13,4,0],
			"to":[14,5,1],
			"faces":{
				"north":{"uv":[2,11,3,12],"texture":"#side","cullface":"north"},
				"east":{"uv":[2,11,3,12],"texture":"#side"},
				"south":{"uv":[2,11,3,12],"texture":"#side"},
				"west":{"uv":[2,11,3,12],"texture":"#side"},
				"up":{"uv":[3,11,2,12],"texture":"#side"}
			}
		},
		{
			"from":[4,2,0],
			"to":[5,3,1],
			"faces":{
				"north":{"uv":[11,13,12,14],"texture":"#side","cullface":"north"},
				"east":{"uv":[11,13,12,14],"texture":"#side"},
				"south":{"uv":[11,13,12,14],"texture":"#side"},
				"west":{"uv":[11,13,12,14],"texture":"#side"}
			}
		},
		{
			"from":[11,2,0],
			"to":[12,3,1],
			"faces":{
				"north":{"uv":[4,13,5,14],"texture":"#side","cullface":"north"},
				"east":{"uv":[4,13,5,14],"texture":"#side"},
				"south":{"uv":[4,13,5,14],"texture":"#side"},
				"west":{"uv":[4,13,5,14],"texture":"#side"}
			}
		},
		{
			"from":[1,3,0],
			"to":[15,4,1],
			"faces":{
				"north":{"uv":[1,12,15,13],"texture":"#side","cullface":"north"},
				"south":{"uv":[15,12,1,13],"texture":"#side"},
				"up":{"uv":[1,12,15,13],"texture":"#side"},
				"down":{"uv":[1,12,15,13],"texture":"#side"}
			}
		},
		{
			"from":[7,2,0],
			"to":[9,5,1],
			"faces":{
				"north":{"uv":[7,11,9,14],"texture":"#side","cullface":"north"},
				"east":{"uv":[7,11,8,14],"texture":"#side"},
				"south":{"uv":[9,11,7,14],"texture":"#side"},
				"west":{"uv":[8,11,9,14],"texture":"#side"}
			}
		},
		{
			"from":[0,11,11],
			"to":[1,12,12],
			"faces":{
				"north":{"uv":[11,4,12,5],"texture":"#side"},
				"east":{"uv":[11,4,12,5],"texture":"#side"},
				"south":{"uv":[11,4,12,5],"texture":"#side"},
				"west":{"uv":[11,4,12,5],"texture":"#side","cullface":"west"},
				"down":{"uv":[12,4,11,5],"rotation":90,"texture":"#side"}
			}
		},
		{
			"from":[0,11,4],
			"to":[1,12,5],
			"faces":{
				"north":{"uv":[4,4,5,5],"texture":"#side"},
				"east":{"uv":[4,4,5,5],"texture":"#side"},
				"south":{"uv":[4,4,5,5],"texture":"#side"},
				"west":{"uv":[4,4,5,5],"texture":"#side","cullface":"west"},
				"down":{"uv":[5,4,4,5],"rotation":90,"texture":"#side"}
			}
		},
		{
			"from":[0,13,13],
			"to":[1,14,14],
			"faces":{
				"north":{"uv":[13,2,14,3],"texture":"#side"},
				"east":{"uv":[13,2,14,3],"texture":"#side"},
				"south":{"uv":[13,2,14,3],"texture":"#side"},
				"west":{"uv":[13,2,14,3],"texture":"#side","cullface":"west"}
			}
		},
		{
			"from":[0,13,2],
			"to":[1,14,3],
			"faces":{
				"north":{"uv":[2,2,3,3],"texture":"#side"},
				"east":{"uv":[2,2,3,3],"texture":"#side"},
				"south":{"uv":[2,2,3,3],"texture":"#side"},
				"west":{"uv":[2,2,3,3],"texture":"#side","cullface":"west"}
			}
		},
		{
			"from":[0,12,1],
			"to":[1,13,15],
			"faces":{
				"east":{"uv":[15,3,1,4],"texture":"#side"},
				"west":{"uv":[1,3,15,4],"texture":"#side","cullface":"west"},
				"up":{"uv":[15,3,1,4],"rotation":270,"texture":"#side"},
				"down":{"uv":[15,3,1,4],"rotation":90,"texture":"#side"}
			}
		},
		{
			"from":[0,11,7],
			"to":[1,14,9],
			"faces":{
				"north":{"uv":[7,2,8,5],"texture":"#side"},
				"east":{"uv":[9,2,7,5],"texture":"#side"},
				"south":{"uv":[8,2,9,5],"texture":"#side"},
				"west":{"uv":[7,2,9,5],"texture":"#side","cullface":"west"}
			}
		},
		{
			"from":[0,10,6],
			"to":[1,11,10],
			"faces":{
				"north":{"uv":[6,5,7,6],"texture":"#side"},
				"east":{"uv":[10,5,6,6],"texture":"#side"},
				"south":{"uv":[9,5,10,6],"texture":"#side"},
				"west":{"uv":[6,5,10,6],"texture":"#side","cullface":"west"},
				"up":{"uv":[10,5,6,6],"rotation":270,"texture":"#side"}
			}
		},
		{
			"from":[0,8,3],
			"to":[1,9,13],
			"faces":{
				"east":{"uv":[13,7,3,8],"texture":"#side"},
				"west":{"uv":[3,7,13,8],"texture":"#side","cullface":"west"},
				"up":{"uv":[13,7,3,8],"rotation":270,"texture":"#side"},
				"down":{"uv":[13,7,3,8],"rotation":90,"texture":"#side"}
			}
		},
		{
			"from":[0,7,5],
			"to":[1,10,11],
			"faces":{
				"north":{"uv":[5,6,6,9],"texture":"#side"},
				"east":{"uv":[11,6,5,9],"texture":"#side"},
				"south":{"uv":[10,6,11,9],"texture":"#side"},
				"west":{"uv":[5,6,11,9],"texture":"#side","cullface":"west"},
				"up":{"uv":[11,6,5,7],"rotation":270,"texture":"#side"}
			}
		},
		{
			"from":[0,7,13],
			"to":[1,10,14],
			"faces":{
				"north":{"uv":[13,6,14,9],"texture":"#side"},
				"east":{"uv":[13,6,14,9],"texture":"#side"},
				"west":{"uv":[13,6,14,9],"texture":"#side","cullface":"west"},
				"up":{"uv":[14,6,13,7],"rotation":270,"texture":"#side"}
			}
		},
		{
			"from":[0,7,2],
			"to":[1,10,3],
			"faces":{
				"east":{"uv":[2,6,3,9],"texture":"#side"},
				"south":{"uv":[2,6,3,9],"texture":"#side"},
				"west":{"uv":[2,6,3,9],"texture":"#side","cullface":"west"},
				"up":{"uv":[3,6,2,7],"rotation":270,"texture":"#side"}
			}
		},
		{
			"from":[0,5,11],
			"to":[1,6,12],
			"faces":{
				"north":{"uv":[11,10,12,11],"texture":"#side"},
				"east":{"uv":[11,10,12,11],"texture":"#side"},
				"south":{"uv":[11,10,12,11],"texture":"#side"},
				"west":{"uv":[11,10,12,11],"texture":"#side","cullface":"west"},
				"down":{"uv":[12,10,11,11],"rotation":90,"texture":"#side"}
			}
		},
		{
			"from":[0,5,4],
			"to":[1,6,5],
			"faces":{
				"north":{"uv":[4,10,5,11],"texture":"#side"},
				"east":{"uv":[4,10,5,11],"texture":"#side"},
				"south":{"uv":[4,10,5,11],"texture":"#side"},
				"west":{"uv":[4,10,5,11],"texture":"#side","cullface":"west"},
				"down":{"uv":[5,10,4,11],"rotation":90,"texture":"#side"}
			}
		},
		{
			"from":[0,5,6],
			"to":[1,6,10],
			"faces":{
				"north":{"uv":[7,10,6,11],"texture":"#side"},
				"east":{"uv":[10,10,6,11],"texture":"#side"},
				"south":{"uv":[10,10,9,11],"texture":"#side"},
				"west":{"uv":[6,10,10,11],"texture":"#side","cullface":"west"},
				"down":{"uv":[6,10,10,11],"rotation":90,"texture":"#side"}
			}
		},
		{
			"from":[0,6,2],
			"to":[1,7,14],
			"faces":{
				"east":{"uv":[14,9,2,10],"texture":"#side"},
				"west":{"uv":[2,9,14,10],"texture":"#side","cullface":"west"},
				"up":{"uv":[14,9,2,10],"rotation":270,"texture":"#side"},
				"down":{"uv":[14,9,2,10],"rotation":90,"texture":"#side"}
			}
		},
		{
			"from":[0,5,14],
			"to":[1,11,15],
			"faces":{
				"north":{"uv":[14,5,15,11],"texture":"#side"},
				"east":{"uv":[14,5,15,11],"texture":"#side"},
				"west":{"uv":[14,5,15,11],"texture":"#side","cullface":"west"},
				"up":{"uv":[15,5,14,6],"rotation":270,"texture":"#side"},
				"down":{"uv":[15,10,14,11],"rotation":90,"texture":"#side"}
			}
		},
		{
			"from":[0,5,1],
			"to":[1,11,2],
			"faces":{
				"east":{"uv":[1,5,2,11],"texture":"#side"},
				"south":{"uv":[1,5,2,11],"texture":"#side"},
				"west":{"uv":[1,5,2,11],"texture":"#side","cullface":"west"},
				"up":{"uv":[2,5,1,6],"rotation":270,"texture":"#side"},
				"down":{"uv":[2,10,1,11],"rotation":90,"texture":"#side"}
			}
		},
		{
			"from":[0,4,13],
			"to":[1,5,14],
			"faces":{
				"north":{"uv":[13,11,14,12],"texture":"#side"},
				"east":{"uv":[13,11,14,12],"texture":"#side"},
				"south":{"uv":[13,11,14,12],"texture":"#side"},
				"west":{"uv":[13,11,14,12],"texture":"#side","cullface":"west"},
				"up":{"uv":[14,11,13,12],"rotation":270,"texture":"#side"}
			}
		},
		{
			"from":[0,4,2],
			"to":[1,5,3],
			"faces":{
				"north":{"uv":[2,11,3,12],"texture":"#side"},
				"east":{"uv":[2,11,3,12],"texture":"#side"},
				"south":{"uv":[2,11,3,12],"texture":"#side"},
				"west":{"uv":[2,11,3,12],"texture":"#side","cullface":"west"},
				"up":{"uv":[3,11,2,12],"rotation":270,"texture":"#side"}
			}
		},
		{
			"from":[0,2,11],
			"to":[1,3,12],
			"faces":{
				"north":{"uv":[11,13,12,14],"texture":"#side"},
				"east":{"uv":[11,13,12,14],"texture":"#side"},
				"south":{"uv":[11,13,12,14],"texture":"#side"},
				"west":{"uv":[11,13,12,14],"texture":"#side","cullface":"west"}
			}
		},
		{
			"from":[0,2,4],
			"to":[1,3,5],
			"faces":{
				"north":{"uv":[4,13,5,14],"texture":"#side"},
				"east":{"uv":[4,13,5,14],"texture":"#side"},
				"south":{"uv":[4,13,5,14],"texture":"#side"},
				"west":{"uv":[4,13,5,14],"texture":"#side","cullface":"west"}
			}
		},
		{
			"from":[0,3,1],
			"to":[1,4,15],
			"faces":{
				"east":{"uv":[15,12,1,13],"texture":"#side"},
				"west":{"uv":[1,12,15,13],"texture":"#side","cullface":"west"},
				"up":{"uv":[1,12,15,13],"rotation":270,"texture":"#side"},
				"down":{"uv":[1,12,15,13],"rotation":90,"texture":"#side"}
			}
		},
		{
			"from":[0,2,7],
			"to":[1,5,9],
			"faces":{
				"north":{"uv":[7,11,8,14],"texture":"#side"},
				"east":{"uv":[9,11,7,14],"texture":"#side"},
				"south":{"uv":[8,11,9,14],"texture":"#side"},
				"west":{"uv":[7,11,9,14],"texture":"#side","cullface":"west"}
			}
		}
	]
}